Time (%),Total Time (ns),Instances,Avg (ns),Med (ns),Min (ns),Max (ns),StdDev (ns),Name
30.3,2425024,6,404170.7,403904.0,111968,696672,319940.3,nvjet_sm120_biu_mma_256x128x128_2_64x64x128_tmaAB_alignCD4_bz_dynbatch_smod_TNNN
29.4,2350236,6,391706.0,391504.0,391232,392863,601.9,"void prolog_mod_dfma<oz2_int8_dgemm, (int)256, (int)3, (int)8, (int)0, (int)1, (int)2, (int)3, (int)4, (int)5, (int)6, (int)7, (int)8, (int)9, (int)10, (int)11, (int)12, (int)13, (int)14, (int)15>(long, int, int, T1::Ts *, unsigned long, const T1::Tx *, long, long, const int *)"
24.7,1974781,6,329130.2,329120.0,328928,329376,175.1,"void prolog_mod_dfma<oz2_int8_dgemm, (int)256, (int)3, (int)8, (int)16, (int)17, (int)18, (int)19, (int)20, (int)21, (int)22, (int)23, (int)24, (int)25, (int)26, (int)27, (int)28>(long, int, int, T1::Ts *, unsigned long, const T1::Tx *, long, long, const int *)"
3.7,297983,3,99327.7,98848.0,98559,100576,1090.7,"void inverse_scaling_mrc_kernel<oz2_int8_dgemm, (int)64, (scale_mode_t)4, (bool)1, (bool)1, double, (unsigned int)0, (unsigned int)1, (unsigned int)2, (unsigned int)3, (unsigned int)4, (unsigned int)5, (unsigned int)6, (unsigned int)7, (unsigned int)8, (unsigned int)9, (unsigned int)10, (unsigned int)11, (unsigned int)12, (unsigned int)13, (unsigned int)14, (unsigned int)15, (unsigned int)16, (unsigned int)17, (unsigned int)18, (unsigned int)19, (unsigned int)20, (unsigned int)21, (unsigned int)22, (unsigned int)23, (unsigned int)24, (unsigned int)25, (unsigned int)26, (unsigned int)27, (unsigned int)28>(int, int, const int *, const T1::Tci *, int, unsigned long long, long long, oz2_batch_ptr<const T1::Tx>, long long, int, oz2_batch_ptr<T1::Tx>, long long, int, T6, T6, const T1::Tsf *, long long, const T1::Tsf *, long long)"
3.2,256512,6,42752.0,42752.0,39744,46016,2229.6,"void get_minmax_block_ker<(int)32, (int)4>(bool, bool, unsigned int, unsigned int, int, int, const_emu_batch<double>, unsigned int, int *, unsigned int, long, bool, int *, long, int *, unsigned int)"
2.5,199648,3,66549.3,66656.0,66112,66880,395.0,"void prolog_quantize_k_major_kernel<(bool)0, (bool)0, (int)256, double, short>(long, long, oz2_batch_ptr<const T4>, long, long, T4 *, long, int, const T5 *, long)"
1.6,124768,3,41589.3,41376.0,41184,42208,544.3,"void sft_fast_k_major_l2<double, short, (int)64, (int)4, (bool)1, const int *>(int, int, oz2_batch_ptr<const T1>, int, float, T2 *, T6, int *, long)"
1.5,117472,3,39157.3,39200.0,38880,39392,258.7,"void sft_fast_k_minor_l2<double, short, (int)32, (int)16, (bool)1, const int *>(int, int, oz2_batch_ptr<const T1>, int, float, T2 *, T6, int *, long)"
1.3,100384,3,33461.3,33504.0,33376,33504,73.9,"void cutlass_unfused_epilogue_ker<(int)16, (int)16>(cudaDataType_t, unsigned int, unsigned int, const int *, unsigned int, long, const int *, long, const int *, long, int, int *, int, unsigned int)"
0.9,75552,3,25184.0,25152.0,25088,25312,115.4,"void cutlass::Kernel<cutlass::gemm::kernel::GemmBatched<cutlass::gemm::threadblock::MmaPipelined<cutlass::gemm::GemmShape<(int)32, (int)32, (int)8>, cutlass::transform::threadblock::PredicatedTileIterator<cutlass::MatrixShape<(int)32, (int)8>, int, cutlass::layout::RowMajor, (int)1, cutlass::transform::PitchLinearStripminedThreadMap<cutlass::PitchLinearShape<(int)8, (int)32>, (int)128, (int)1>, (int)1, (bool)0>, cutlass::transform::threadblock::RegularTileIterator<cutlass::MatrixShape<(int)32, (int)8>, int, cutlass::layout::ColumnMajor, (int)1, cutlass::transform::TransposePitchLinearThreadMapSimt<cutlass::transform::PitchLinearStripminedThreadMap<cutlass::PitchLinearShape<(int)8, (int)32>, (int)128, (int)1>>, (int)4>, cutlass::transform::threadblock::PredicatedTileIterator<cutlass::MatrixShape<(int)8, (int)32>, int, cutlass::layout::RowMajor, (int)0, cutlass::transform::PitchLinearStripminedThreadMap<cutlass::PitchLinearShape<(int)32, (int)8>, (int)128, (int)1>, (int)1, (bool)0>, cutlass::transform::threadblock::RegularTileIterator<cutlass::MatrixShape<(int)8, (int)32>, int, cutlass::layout::RowMajor, (int)0, cutlass::transform::PitchLinearStripminedThreadMap<cutlass::PitchLinearShape<(int)32, (int)8>, (int)128, (int)1>, (int)4>, int, cutlass::layout::RowMajor, cutlass::gemm::threadblock::MmaPolicy<cutlass::gemm::warp::MmaSimt<cutlass::gemm::GemmShape<(int)16, (int)16, (int)8>, int, cutlass::layout::ColumnMajor, int, cutlass::layout::RowMajor, int, cutlass::layout::RowMajor, cutlass::gemm::warp::MmaSimtPolicy<cutlass::MatrixShape<(int)4, (int)8>, cutlass::layout::RowMajorInterleaved<(int)1>, cutlass::gemm::GemmShape<(int)4, (int)2, (int)1>>, (int)1, (cutlass::ComplexTransform)0, (cutlass::ComplexTransform)0, cutlass::arch::OpEsc, bool>, cutlass::MatrixShape<(int)4, (int)0>, cutlass::MatrixShape<(int)0, (int)0>, (int)1>, cutlass::NumericArrayConverter<int, int, (int)2, (cutlass::FloatRoundStyle)2, cutlass::transform::thread::UnaryTransform::Identity>, cutlass::NumericArrayConverter<int, int, (int)2, (cutlass::FloatRoundStyle)2, cutlass::transform::thread::UnaryTransform::Identity>, bool>, cutlass::epilogue::threadblock::Epilogue<cutlass::gemm::GemmShape<(int)32, (int)32, (int)8>, cutlass::gemm::warp::MmaSimt<cutlass::gemm::GemmShape<(int)16, (int)16, (int)8>, int, cutlass::layout::ColumnMajor, int, cutlass::layout::RowMajor, int, cutlass::layout::RowMajor, cutlass::gemm::warp::MmaSimtPolicy<cutlass::MatrixShape<(int)4, (int)8>, cutlass::layout::RowMajorInterleaved<(int)1>, cutlass::gemm::GemmShape<(int)4, (int)2, (int)1>>, (int)1, (cutlass::ComplexTransform)0, (cutlass::ComplexTransform)0, cutlass::arch::OpEsc, bool>, (int)1, cutlass::epilogue::threadblock::PredicatedTileIterator<cutlass::epilogue::threadblock::OutputTileOptimalThreadMap<cutlass::epilogue::threadblock::OutputTileShape<(int)32, (int)1, (int)4, (int)2, (int)1>, cutlass::epilogue::threadblock::OutputTileShape<(int)1, (int)4, (int)1, (int)1, (int)4>, (int)128, (int)1, (int)32>, int, (bool)0, cutlass::layout::NoPermute, (bool)0>, cutlass::epilogue::warp::FragmentIteratorSimt<cutlass::gemm::GemmShape<(int)16, (int)16, (int)8>, cutlass::gemm::thread::Mma<cutlass::gemm::GemmShape<(int)4, (int)2, (int)1>, int, cutlass::layout::ColumnMajor, int, cutlass::layout::RowMajor, int, cutlass::layout::RowMajor, cutlass::arch::OpEsc, bool>, cutlass::layout::RowMajor, cutlass::gemm::warp::MmaSimtPolicy<cutlass::MatrixShape<(int)4, (int)8>, cutlass::layout::RowMajorInterleaved<(int)1>, cutlass::gemm::GemmShape<(int)4, (int)2, (int)1>>>, cutlass::epilogue::warp::TileIteratorSimt<cutlass::gemm::GemmShape<(int)16, (int)16, (int)8>, cutlass::gemm::thread::Mma<cutlass::gemm::GemmShape<(int)4, (int)2, (int)1>, int, cutlass::layout::ColumnMajor, int, cutlass::layout::RowMajor, int, cutlass::layout::RowMajor, cutlass::arch::OpEsc, bool>, int, cutlass::layout::RowMajor, cutlass::gemm::warp::MmaSimtPolicy<cutlass::MatrixShape<(int)4, (int)8>, cutlass::layout::RowMajorInterleaved<(int)1>, cutlass::gemm::GemmShape<(int)4, (int)2, (int)1>>>, cutlass::epilogue::threadblock::SharedLoadIterator<cutlass::epilogue::threadblock::OutputTileOptimalThreadMap<cutlass::epilogue::threadblock::OutputTileShape<(int)32, (int)1, (int)4, (int)2, (int)1>, cutlass::epilogue::threadblock::OutputTileShape<(int)1, (int)4, (int)1, (int)1, (int)4>, (int)128, (int)1, (int)32>::CompactedThreadMap, int, (int)4>, cutlass::epilogue::thread::LinearCombinationRelu<int, (int)1, int, int, (cutlass::epilogue::thread::ScaleType::Kind)0, (cutlass::FloatRoundStyle)2>, cutlass::MatrixShape<(int)0, (int)9>, (int)1, (int)1>, cutlass::gemm::threadblock::GemmBatchedIdentityThreadblockSwizzle>>(T1::Params, const int *, int)"
0.9,68832,3,22944.0,22976.0,22816,23040,115.4,"void prolog_quantize_k_minor_kernel<(bool)0, (bool)0, (int)32, (int)8, double, short>(long, long, oz2_batch_ptr<const T5>, long, long, T5 *, long, int, const T6 *, long)"
0.1,5248,3,1749.3,1760.0,1440,2048,304.1,"void cutlass::Kernel2<cublasLt_imma_emu::cutlass_80_tensorop_d884gemm_128x128_16x3_nn_align1>(T1::Params, const int *, int)"
0.1,4928,3,1642.7,1632.0,1632,1664,18.5,"void reduce_nmoduli_kernel<oz2_int8_dgemm>(int, int, const int *, const int *, int, bool, int *, int *)"
